{
    "dji m30t 4000 3000 brown 0.6666": {
        "projection_type": "brown",
        "width": 4000,
        "height": 3000,
        "focal_x": 0.701020878264711,
        "focal_y": 0.701020878264711,
        "c_x": -0.004436635124981239,
        "c_y": 0.00016693329990490042,
        "k1": 0.15570413091000532,
        "k2": -0.3509445861193856,
        "p1": -0.00017274799606810653,
        "p2": 0.00019988791977064037,
        "k3": 0.1545426752261871
    }
}